1,<a href='https://github.com/takkii/phantom/compare/8e66aa7224...141e873596'>takkii pushed to develop in takkii/phantom</a>,投稿時刻 ： 2024年07月27日 18時35分
2,<a href='https://github.com/takkii/real/compare/aab376a8c0...3f01ca0f05'>takkii pushed to develop in takkii/real</a>,投稿時刻 ： 2024年07月27日 18時35分
3,<a href='https://github.com/takkii/real/releases/tag/v1.2.16.1'>takkii released Release. at takkii/real</a>,投稿時刻 ： 2024年07月27日 18時34分
4,<a href='https://github.com/takkii/real/tree/v1.2.16.1'>takkii created a tag v1.2.16.1 in takkii/real</a>,投稿時刻 ： 2024年07月27日 18時34分
5,<a href='https://github.com/takkii/real/compare/2518f0dd95...3f01ca0f05'>takkii pushed to main in takkii/real</a>,投稿時刻 ： 2024年07月27日 18時34分
6,<a href='https://github.com/takkii/real/pull/51'>takkii merged a pull request in takkii/real</a>,投稿時刻 ： 2024年07月27日 18時34分
7,<a href='https://github.com/takkii/real/pull/51'>takkii opened a pull request in takkii/real</a>,投稿時刻 ： 2024年07月27日 18時34分
8,<a href='https://github.com/takkii/phantom/tree/v1.0.10.1'>takkii created a tag v1.0.10.1 in takkii/phantom</a>,投稿時刻 ： 2024年07月27日 18時33分
9,<a href='https://github.com/takkii/phantom/releases/tag/v1.0.10.1'>takkii released Release. at takkii/phantom</a>,投稿時刻 ： 2024年07月27日 18時33分
10,<a href='https://github.com/takkii/phantom/compare/2297e6e843...141e873596'>takkii pushed to main in takkii/phantom</a>,投稿時刻 ： 2024年07月27日 18時33分
11,<a href='https://github.com/takkii/phantom/pull/53'>takkii merged a pull request in takkii/phantom</a>,投稿時刻 ： 2024年07月27日 18時33分
12,<a href='https://github.com/takkii/phantom/pull/53'>takkii opened a pull request in takkii/phantom</a>,投稿時刻 ： 2024年07月27日 18時33分
13,<a href='https://github.com/takkii/real/compare/bfcac7dac7...aab376a8c0'>takkii pushed to develop in takkii/real</a>,投稿時刻 ： 2024年07月27日 18時32分
14,<a href='https://github.com/takkii/phantom/compare/9e6b5aa9ec...8e66aa7224'>takkii pushed to develop in takkii/phantom</a>,投稿時刻 ： 2024年07月27日 18時32分
15,<a href='https://github.com/takkii/real/releases/tag/v1.2.16'>takkii released Release. at takkii/real</a>,投稿時刻 ： 2024年07月27日 18時23分
16,<a href='https://github.com/takkii/real/tree/v1.2.16'>takkii created a tag v1.2.16 in takkii/real</a>,投稿時刻 ： 2024年07月27日 18時23分
17,<a href='https://github.com/takkii/phantom/releases/tag/v1.0.10'>takkii released Release. at takkii/phantom</a>,投稿時刻 ： 2024年07月27日 18時22分
18,<a href='https://github.com/takkii/phantom/tree/v1.0.10'>takkii created a tag v1.0.10 in takkii/phantom</a>,投稿時刻 ： 2024年07月27日 18時22分
19,<a href='https://github.com/takkii/real/compare/bfcac7dac7...2518f0dd95'>takkii pushed to main in takkii/real</a>,投稿時刻 ： 2024年07月27日 18時21分
20,<a href='https://github.com/takkii/phantom/compare/9e6b5aa9ec...2297e6e843'>takkii pushed to main in takkii/phantom</a>,投稿時刻 ： 2024年07月27日 18時20分
21,<a href='https://github.com/takkii/go_straight/compare/6e10ed5f3d...dfb6fd310b'>takkii pushed to develop in takkii/go_straight</a>,投稿時刻 ： 2024年07月27日 15時12分
22,<a href='https://github.com/takkii/go_straight/compare/dfb6fd310b...5031d74328'>takkii pushed to main in takkii/go_straight</a>,投稿時刻 ： 2024年07月27日 15時12分
23,<a href='https://github.com/takkii/go_straight/releases/tag/v1.5.12.2'>takkii released Release. at takkii/go_straight</a>,投稿時刻 ： 2024年07月27日 15時11分
24,<a href='https://github.com/takkii/go_straight/tree/v1.5.12.2'>takkii created a tag v1.5.12.2 in takkii/go_straight</a>,投稿時刻 ： 2024年07月27日 15時11分
25,<a href='https://github.com/takkii/go_straight/compare/ca0c8306d2...dfb6fd310b'>takkii pushed to main in takkii/go_straight</a>,投稿時刻 ： 2024年07月27日 15時11分
26,<a href='https://github.com/takkii/go_straight/pull/88'>takkii merged a pull request in takkii/go_straight</a>,投稿時刻 ： 2024年07月27日 15時11分
27,<a href='https://github.com/takkii/go_straight/pull/88'>takkii opened a pull request in takkii/go_straight</a>,投稿時刻 ： 2024年07月27日 15時11分
28,<a href='https://github.com/takkii/go_straight/compare/ca0c8306d2...6e10ed5f3d'>takkii pushed to develop in takkii/go_straight</a>,投稿時刻 ： 2024年07月27日 15時10分
29,<a href='https://github.com/takkii/go_straight/compare/07e36ee5a0...ca0c8306d2'>takkii pushed to develop in takkii/go_straight</a>,投稿時刻 ： 2024年07月27日 15時07分
30,<a href='https://github.com/takkii/go_straight/releases/tag/v1.5.12.1'>takkii released Release. at takkii/go_straight</a>,投稿時刻 ： 2024年07月27日 15時06分
